rule_id,rule_name,description,audit_domain,focus_area,rule_basis,authority_name,authority_reference,standard_name,standard_version,rule_expression,severity,effective_from,effective_to,status,version,created_at,updated_at
CTL-TERM-ICD10-001,ICD-10 Terminology Validity - Condition,"Applicable diagnosis code (Condition.icd_code) must exist in the configured ICD-10 (2010) terminology reference table.",Clinical Terminology Compliance,Terminology - ICD-10,SATUSEHAT_INTEROPERABILITY,"SatuSehat Condition Resource Docs; SatuSehat Validation Dictionary (RuleNumber 10001 'Code not found')","https://satusehat.kemkes.go.id/platform/docs/id/fhir/resources/condition/; https://satusehat.kemkes.go.id/platform/docs/id/api-catalogue/validasi/list-response/",ICD-10,2010,models/frappe/gold/audit/checks/terminology_icd10_validity.sql,HIGH,2026-08-12,,ACTIVE,1,2026-08-12 00:00:00,2026-08-12 00:00:00
CTL-TERM-ICD9CM-001,ICD-9-CM Terminology Validity - Procedure,"Applicable procedure code (Procedure.code) must exist in the configured ICD-9-CM terminology reference table.",Clinical Terminology Compliance,Terminology - ICD-9-CM,SATUSEHAT_INTEROPERABILITY,"SatuSehat Procedure Resource Docs; SatuSehat Validation Dictionary (RuleNumber 10001 'Code not found')","https://satusehat.kemkes.go.id/platform/docs/id/fhir/resources/procedure/; https://satusehat.kemkes.go.id/platform/docs/id/api-catalogue/validasi/list-response/",ICD-9-CM,2010,models/frappe/gold/audit/checks/terminology_icd9cm_validity.sql,HIGH,2026-08-12,,ACTIVE,1,2026-08-12 00:00:00,2026-08-12 00:00:00
CTL-REF-COND-ENC-001,Reference Integrity - Condition to Encounter,"Condition must carry a resolvable encounter reference (satusehat_encounter_id) pointing to an Encounter that exists, when a SatuSehat encounter linkage is expected (i.e. satusehat_encounter_id is populated).",Clinical Reference Integrity,Reference Integrity - Condition to Encounter,SATUSEHAT_INTEROPERABILITY,"SatuSehat Validation Dictionary (RuleNumber 10124 'Reference is mandatory')","https://satusehat.kemkes.go.id/platform/docs/id/api-catalogue/validasi/list-response/",,,models/frappe/gold/audit/checks/reference_integrity_condition_encounter.sql,HIGH,2026-08-12,,ACTIVE,1,2026-08-12 00:00:00,2026-08-12 00:00:00
CTL-REF-PROC-ENC-001,Reference Integrity - Procedure to Encounter,"Procedure must carry a resolvable encounter reference (satusehat_encounter_id) pointing to an Encounter that exists, when a SatuSehat encounter linkage is expected.",Clinical Reference Integrity,Reference Integrity - Procedure to Encounter,SATUSEHAT_INTEROPERABILITY,"SatuSehat Validation Dictionary (RuleNumber 10124 'Reference is mandatory')","https://satusehat.kemkes.go.id/platform/docs/id/api-catalogue/validasi/list-response/",,,models/frappe/gold/audit/checks/reference_integrity_procedure_encounter.sql,HIGH,2026-08-12,,ACTIVE,1,2026-08-12 00:00:00,2026-08-12 00:00:00
CTL-REF-OBS-ENC-001,Reference Integrity - Observation to Encounter,"Observation must carry a resolvable encounter reference (satusehat_encounter_id) pointing to an Encounter that exists, when a SatuSehat encounter linkage is expected.",Clinical Reference Integrity,Reference Integrity - Observation to Encounter,SATUSEHAT_INTEROPERABILITY,"SatuSehat Validation Dictionary (RuleNumber 10124 'Reference is mandatory')","https://satusehat.kemkes.go.id/platform/docs/id/api-catalogue/validasi/list-response/",,,models/frappe/gold/audit/checks/reference_integrity_observation_encounter.sql,MEDIUM,2026-08-12,,ACTIVE,1,2026-08-12 00:00:00,2026-08-12 00:00:00
CTL-STRUCT-ENC-STATUS-001,Structural Validity - Encounter Status,"Encounter.status (fhir_status) must be one of the three statuses SatuSehat requires be sent: arrived, in-progress, finished.",EHR/FHIR Structural Compliance,Structural - Encounter Status,SATUSEHAT_INTEROPERABILITY,SatuSehat Encounter Resource Docs,https://satusehat.kemkes.go.id/platform/docs/id/fhir/resources/encounter/,"FHIR R4 EncounterStatus (SatuSehat-required subset)",,models/frappe/gold/audit/checks/structural_encounter_status.sql,MEDIUM,2026-08-12,,ACTIVE,1,2026-08-12 00:00:00,2026-08-12 00:00:00
CTL-TEMPORAL-ENC-001,Temporal Consistency - Encounter Period,"Encounter.period_start must be less than or equal to Encounter.period_end.",Data Format & Temporal Integrity,Temporal Consistency - Encounter,DATA_QUALITY_CONTROL,,,,,models/frappe/gold/audit/checks/temporal_encounter_period.sql,MEDIUM,2026-08-12,,ACTIVE,1,2026-08-12 00:00:00,2026-08-12 00:00:00
CTL-IDENT-PAT-FORMAT-001,Patient UID Format Check,"Patient.uid, when populated, is expected to match a 16-digit numeric format. The field's authoritative definition (whether this represents NIK) has not been confirmed by the data owner -- this is a structural format check only, not a regulatory identity-validation rule.",Patient Identity & Identifier Integrity,Identity - UID Format,UNVERIFIED,,,,,models/frappe/gold/audit/checks/identity_patient_uid_format.sql,LOW,2026-08-12,,ACTIVE,1,2026-08-12 00:00:00,2026-08-12 00:00:00
CTL-IDENT-PAT-COMPLETE-001,Patient Identity Completeness (blocked pending field-list confirmation),"Basic identity fields should be populated for a patient with at least one submitted encounter. The exact mandatory field list has not been confirmed by the data owner. Do not implement check logic until confirmed -- this row exists so the rule is tracked, not to enable a guessed check.",Patient Identity & Identifier Integrity,Identity - Completeness,UNVERIFIED,,,,,models/frappe/gold/audit/checks/identity_patient_completeness.sql (NOT YET IMPLEMENTED - blocked),MEDIUM,2026-08-12,,BLOCKED,1,2026-08-12 00:00:00,2026-08-12 00:00:00
